ACC_RANDOM,SATXN_ENTRY_DATE,SATXN_BR_CODE,SATXN_BUSI_DATE,SATXN_TXN_TIME,SATXN_MEMO_CODE,SATXN_TXN_MEMO,SATXN_DB_CR_STAT,SATXN_TXN_AMT,SATXN_SAM_BAL,SATXN_TXN_STAT,SATXN_PB_STATUS,ID_RANDOM,SATXN_BUSI_CODE,SATXN_CASH_AMT,SATXN_BANK_NO
"277,401",2023/5/22 0:00,64,2023/5/22 0:00,801,23,____  ,2,"1,358.00","29,133.00",0,0,"2,069,251",TI01,0,   
"277,401",2023/5/22 0:00,64,2023/5/22 0:00,802,23,____  ,2,"1,358.00","31,849.00",0,0,"2,069,251",TI01,0,   
"277,401",2023/5/22 0:00,64,2023/5/22 0:00,802,23,____  ,2,"1,358.00","33,207.00",0,0,"2,069,251",TI01,0,   
"277,401",2023/5/22 0:00,64,2023/5/22 0:00,803,23,____  ,2,"1,358.00","34,565.00",0,0,"2,069,251",TI01,0,   
"277,401",2023/5/22 0:00,64,2023/5/22 0:00,802,23,____  ,2,"1,358.00","30,491.00",0,0,"2,069,251",TI01,0,   
"277,401",2023/5/22 0:00,64,2023/5/22 0:00,801,23,____  ,2,"1,358.00","26,417.00",0,0,"2,069,251",TI01,0,   
"277,401",2023/5/22 0:00,64,2023/5/22 0:00,801,23,____  ,2,"1,358.00","27,775.00",0,0,"2,069,251",TI01,0,   
"277,401",2023/5/22 0:00,64,2023/5/22 0:00,803,23,____  ,2,"1,358.00","35,923.00",0,0,"2,069,251",TI01,0,   
"756,918",2023/5/26 0:00,921,2023/5/26 0:00,105512,71,____  ,2,"2,016.00","4,945.00",0,0,"2,564,950",RT01,0,13
"1,858,292",2023/5/29 0:00,620,2023/5/26 0:00,224815,1097,____  ,1,"30,000.00","658,766.00",0,0,"2,311,954",AT01,"30,000.00",103
"1,858,292",2023/5/29 0:00,620,2023/5/26 0:00,224915,1097,____  ,1,"30,000.00","628,766.00",0,0,"2,311,954",AT01,"30,000.00",103
"1,858,292",2023/5/29 0:00,620,2023/5/26 0:00,225017,1097,____  ,1,"20,000.00","608,766.00",0,0,"2,311,954",AT01,"20,000.00",103
"1,858,292",2023/5/19 0:00,620,2023/5/19 0:00,170916,1099,____  ,1,"5,005.00","688,766.00",0,0,"2,311,954",AT01,"5,000.00",103
"1,858,292",2023/5/17 0:00,620,2023/5/16 0:00,213924,313,AT___  ,2,"100,000.00","654,771.00",0,0,"2,311,954",AT01,"100,000.00",103
"1,858,292",2023/5/17 0:00,620,2023/5/16 0:00,214051,313,AT___  ,2,"79,000.00","733,771.00",0,0,"2,311,954",AT01,"79,000.00",103
"1,858,292",2023/5/17 0:00,620,2023/5/17 0:00,120733,1097,____  ,1,"10,000.00","693,771.00",0,0,"2,311,954",AT01,"10,000.00",103
"1,858,292",2023/5/17 0:00,620,2023/5/17 0:00,120653,1097,____  ,1,"30,000.00","703,771.00",0,0,"2,311,954",AT01,"30,000.00",103
"3,147,049",2023/5/29 0:00,596,2023/5/29 0:00,90843,1417,____  ,2,"500,000.00","500,033.00",0,0,"1,636,598",AT01,0,6
"3,147,049",2023/5/29 0:00,596,2023/5/29 0:00,111612,239,____  ,1,"500,015.00",18,0,0,"1,636,598",NB01,0,8
"3,147,049",2023/5/22 0:00,596,2023/5/21 0:00,171804,1417,____  ,2,"400,000.00","400,048.00",0,0,"1,636,598",AT01,0,6
"3,147,049",2023/5/22 0:00,596,2023/5/21 0:00,171934,239,____  ,1,"400,015.00",33,0,0,"1,636,598",NB01,0,8
"3,147,049",2023/5/22 0:00,596,2023/5/22 0:00,151545,236,____  ,1,"100,000.00",33,0,0,"1,636,598",NB01,0,103
"3,147,049",2023/5/22 0:00,596,2023/5/22 0:00,151454,1417,____  ,2,"100,000.00","100,033.00",0,0,"1,636,598",AT01,0,6
"3,147,049",2023/5/18 0:00,596,2023/5/18 0:00,120922,239,____  ,1,"179,015.00",48,0,0,"1,636,598",NB01,0,130
"3,147,049",2023/5/18 0:00,596,2023/5/18 0:00,120656,1417,____  ,2,"179,000.00","179,063.00",0,0,"1,636,598",AT01,0,803
"3,147,049",2023/5/17 0:00,596,2023/5/17 0:00,141430,239,____  ,1,"1,179,965.00",63,0,0,"1,636,598",NB01,0,8
"3,147,049",2023/5/17 0:00,596,2023/5/17 0:00,133531,1417,____  ,2,"1,180,000.00","1,180,028.00",0,0,"1,636,598",AT01,0,803
"3,147,049",2023/5/15 0:00,596,2023/5/15 0:00,142035,1417,____  ,2,"368,000.00","368,058.00",0,0,"1,636,598",AT01,0,803
"3,147,049",2023/5/15 0:00,596,2023/5/15 0:00,142438,239,____  ,1,"10,015.00",28,0,0,"1,636,598",NB01,0,8
"3,147,049",2023/5/15 0:00,596,2023/5/15 0:00,142416,239,____  ,1,"358,015.00","10,043.00",0,0,"1,636,598",NB01,0,8
"2,726,325",2023/5/29 0:00,417,2023/5/29 0:00,2443,1218,____  ,1,"118,048.00","27,495.00",0,0,"1,987,176",AG03,0,   
"2,720,526",2023/5/29 0:00,903,2023/5/27 0:00,173048,1417,____  ,2,"1,900.00","1,698,926.00",0,0,"513,264",AT01,0,8
"2,720,526",2023/5/29 0:00,903,2023/5/29 0:00,133513,1417,____  ,2,"4,290.00","1,721,659.00",0,0,"513,264",AT01,0,700
"2,720,526",2023/5/29 0:00,903,2023/5/29 0:00,133317,1417,____  ,2,"18,443.00","1,717,369.00",0,0,"513,264",AT01,0,822
"2,720,526",2023/5/29 0:00,903,2023/5/29 0:00,150159,1417,____  ,2,"2,400.00","1,724,059.00",0,0,"513,264",AT01,0,822
"2,720,526",2023/5/29 0:00,903,2023/5/29 0:00,171626,1417,____  ,2,"15,000.00","1,739,059.00",0,0,"513,264",AT01,0,7
"2,720,526",2023/5/26 0:00,903,2023/5/26 0:00,140444,235,____  ,1,"48,756.00","1,697,026.00",0,0,"513,264",NB01,0,8
"2,720,526",2023/5/25 0:00,903,2023/5/25 0:00,81949,1424,____  ,2,"2,555.00","1,739,302.00",0,0,"513,264",NB01,0,103
"2,720,526",2023/5/25 0:00,903,2023/5/25 0:00,132935,1417,____  ,2,"6,480.00","1,745,782.00",0,0,"513,264",AT01,0,822
"2,720,526",2023/5/24 0:00,903,2023/5/23 0:00,212511,1417,____  ,2,"1,646.00","1,719,379.00",0,0,"513,264",AT01,0,8
"2,720,526",2023/5/24 0:00,903,2023/5/23 0:00,232341,1417,____  ,2,"8,580.00","1,727,959.00",0,0,"513,264",AT01,0,12
"2,720,526",2023/5/24 0:00,903,2023/5/24 0:00,95708,1417,____  ,2,"2,028.00","1,733,875.00",0,0,"513,264",AT01,0,700
"2,720,526",2023/5/24 0:00,903,2023/5/24 0:00,131320,1417,____  ,2,736,"1,736,747.00",0,0,"513,264",AT01,0,700
"2,720,526",2023/5/24 0:00,903,2023/5/24 0:00,85007,71,____  ,2,"3,240.00","1,731,847.00",0,0,"513,264",RT01,0,700
"2,720,526",2023/5/24 0:00,903,2023/5/24 0:00,82923,1417,____  ,2,648,"1,728,607.00",0,0,"513,264",AT01,0,700
"2,720,526",2023/5/24 0:00,903,2023/5/24 0:00,124030,1417,____  ,2,"2,136.00","1,736,011.00",0,0,"513,264",AT01,0,7
"2,720,526",2023/5/23 0:00,903,2023/5/23 0:00,93308,1417,____  ,2,"8,332.00","1,723,699.00",0,0,"513,264",AT01,0,822
"2,720,526",2023/5/23 0:00,903,2023/5/23 0:00,140407,235,____  ,1,"5,966.00","1,717,733.00",0,0,"513,264",NB01,0,812
"2,720,526",2023/5/22 0:00,903,2023/5/22 0:00,110905,1417,____  ,2,"61,249.00","1,709,748.00",0,0,"513,264",AT01,0,812
"2,720,526",2023/5/22 0:00,903,2023/5/22 0:00,152119,1417,____  ,2,"4,594.00","1,715,367.00",0,0,"513,264",AT01,0,822
"2,720,526",2023/5/22 0:00,903,2023/5/22 0:00,134711,1417,____  ,2,"1,025.00","1,710,773.00",0,0,"513,264",AT01,0,13
"2,720,526",2023/5/19 0:00,903,2023/5/19 0:00,3330,1417,____  ,2,252,"1,630,186.00",0,0,"513,264",AT01,0,808
"2,720,526",2023/5/19 0:00,903,2023/5/19 0:00,143955,177,____  ,2,"15,876.00","1,648,499.00",0,0,"513,264",    ,0,7
"2,720,526",2023/5/19 0:00,903,2023/5/19 0:00,135803,71,____  ,2,"2,437.00","1,632,623.00",0,0,"513,264",RT01,0,53
"2,720,526",2023/5/18 0:00,903,2023/5/18 0:00,124008,1417,____  ,2,"1,290.00","1,629,934.00",0,0,"513,264",AT01,0,9
"2,720,526",2023/5/18 0:00,903,2023/5/18 0:00,113144,1417,____  ,2,"2,200.00","1,628,644.00",0,0,"513,264",AT01,0,808
"2,720,526",2023/5/17 0:00,903,2023/5/17 0:00,123933,1417,____  ,2,"4,526.00","1,617,693.00",0,0,"513,264",AT01,0,822
"2,720,526",2023/5/17 0:00,903,2023/5/17 0:00,141910,1417,____  ,2,"8,751.00","1,626,444.00",0,0,"513,264",AT01,0,13
"2,720,526",2023/5/16 0:00,903,2023/5/16 0:00,102017,1417,____  ,2,"12,046.00","1,609,014.00",0,0,"513,264",AT01,0,822
"2,720,526",2023/5/16 0:00,903,2023/5/16 0:00,82733,1417,____  ,2,"8,327.00","1,596,968.00",0,0,"513,264",AT01,0,11
"2,720,526",2023/5/16 0:00,903,2023/5/16 0:00,122701,1417,____  ,2,"4,153.00","1,613,167.00",0,0,"513,264",AT01,0,806
"2,720,526",2023/5/15 0:00,903,2023/5/15 0:00,90120,235,____  ,1,"32,904.00","1,574,763.00",0,0,"513,264",NB01,0,50
"2,720,526",2023/5/15 0:00,903,2023/5/15 0:00,90801,235,____  ,1,"4,284.00","1,541,411.00",0,0,"513,264",NB01,0,806
"2,720,526",2023/5/15 0:00,903,2023/5/15 0:00,85927,235,____  ,1,"14,300.00","1,610,196.00",0,0,"513,264",NB01,0,9
"2,720,526",2023/5/15 0:00,903,2023/5/15 0:00,90530,235,____  ,1,"6,358.00","1,551,836.00",0,0,"513,264",NB01,0,9
"2,720,526",2023/5/15 0:00,903,2023/5/15 0:00,90412,235,____  ,1,"16,569.00","1,558,194.00",0,0,"513,264",NB01,0,54
"2,720,526",2023/5/15 0:00,903,2023/5/15 0:00,90034,235,____  ,1,"2,529.00","1,607,667.00",0,0,"513,264",NB01,0,6
"2,720,526",2023/5/15 0:00,903,2023/5/15 0:00,113125,201,FEDI__  ,2,"23,606.00","1,565,017.00",0,0,"513,264",    ,0,6
"2,720,526",2023/5/15 0:00,903,2023/5/15 0:00,90629,235,____  ,1,"6,141.00","1,545,695.00",0,0,"513,264",NB01,0,806
"2,720,526",2023/5/15 0:00,903,2023/5/15 0:00,113159,71,____  ,2,"23,200.00","1,588,217.00",0,0,"513,264",RT01,0,807
"2,720,526",2023/5/15 0:00,903,2023/5/15 0:00,123259,1417,____  ,2,424,"1,588,641.00",0,0,"513,264",AT01,0,812
"2,720,526",2023/5/31 0:00,903,2023/5/31 0:00,85728,235,____  ,1,"7,200.00","1,647,812.00",0,0,"513,264",NB01,0,147
"2,720,526",2023/5/31 0:00,903,2023/5/31 0:00,85531,234,____  ,1,"2,585.00","1,661,978.00",0,0,"513,264",NB01,0,103
"2,720,526",2023/5/31 0:00,903,2023/5/31 0:00,85310,235,____  ,1,"7,295.00","1,678,230.00",0,0,"513,264",NB01,0,807
"2,720,526",2023/5/31 0:00,903,2023/5/31 0:00,85447,235,____  ,1,"10,274.00","1,664,563.00",0,0,"513,264",NB01,0,17
"2,720,526",2023/5/31 0:00,903,2023/5/31 0:00,91644,234,____  ,1,"9,702.00","1,627,315.00",0,0,"513,264",NB01,0,103
"2,720,526",2023/5/31 0:00,903,2023/5/31 0:00,85141,235,____  ,1,"31,397.00","1,701,006.00",0,0,"513,264",NB01,0,6
"2,720,526",2023/5/31 0:00,903,2023/5/31 0:00,85640,235,____  ,1,"6,966.00","1,655,012.00",0,0,"513,264",NB01,0,13
"2,720,526",2023/5/31 0:00,903,2023/5/31 0:00,171118,1417,____  ,2,784,"1,675,193.00",0,0,"513,264",AT01,0,822
"2,720,526",2023/5/31 0:00,903,2023/5/31 0:00,85807,235,____  ,1,"8,135.00","1,639,677.00",0,0,"513,264",NB01,0,812
"2,720,526",2023/5/31 0:00,903,2023/5/31 0:00,85226,235,____  ,1,"15,481.00","1,685,525.00",0,0,"513,264",NB01,0,808
"2,720,526",2023/5/31 0:00,903,2023/5/31 0:00,85405,235,____  ,1,"3,393.00","1,674,837.00",0,0,"513,264",NB01,0,4
"2,720,526",2023/5/31 0:00,903,2023/5/31 0:00,170809,1417,____  ,2,614,"1,674,409.00",0,0,"513,264",AT01,0,822
"2,720,526",2023/5/31 0:00,903,2023/5/31 0:00,91330,235,____  ,1,"2,310.00","1,637,367.00",0,0,"513,264",NB01,0,8
"2,720,526",2023/5/31 0:00,903,2023/5/31 0:00,102051,1417,____  ,2,"10,238.00","1,637,553.00",0,0,"513,264",AT01,0,50
"2,720,526",2023/5/31 0:00,903,2023/5/31 0:00,91433,235,____  ,1,350,"1,637,017.00",0,0,"513,264",NB01,0,812
"2,720,526",2023/5/31 0:00,903,2023/5/31 0:00,85100,235,____  ,1,"7,455.00","1,732,403.00",0,0,"513,264",NB01,0,6
"2,720,526",2023/5/31 0:00,903,2023/5/31 0:00,121542,71,____  ,2,"23,807.00","1,673,795.00",0,0,"513,264",RT01,0,13
"2,720,526",2023/5/31 0:00,903,2023/5/31 0:00,104048,1417,____  ,2,"12,435.00","1,649,988.00",0,0,"513,264",AT01,0,822
"2,720,526",2023/5/30 0:00,903,2023/5/30 0:00,163233,1417,____  ,2,799,"1,739,858.00",0,0,"513,264",AT01,0,812
"594,188",2023/5/22 0:00,897,2023/5/22 0:00,114021,71,____  ,2,"42,651.00","1,920,915.00",0,0,"1,596,142",RT01,0,5
"594,188",2023/5/22 0:00,897,2023/5/22 0:00,91235,71,____  ,2,"1,511,637.00","1,853,403.00",0,0,"1,596,142",RT01,0,822
"594,188",2023/5/22 0:00,897,2023/5/22 0:00,145512,1079,____  ,1,"350,030.00","1,570,885.00",0,1,"1,596,142",SA01,0,   
"594,188",2023/5/22 0:00,897,2023/5/22 0:00,113206,71,____  ,2,"24,861.00","1,878,264.00",0,0,"1,596,142",RT01,0,5
"594,188",2023/5/22 0:00,897,2023/5/22 0:00,152606,1001,____  ,1,"1,500,600.00","70,285.00",0,1,"1,596,142",SA01,"1,500,600.00",   
"594,188",2023/5/17 0:00,897,2023/5/17 0:00,143521,1228,____  ,1,"266,776.00","341,766.00",0,1,"1,596,142",SA01,"208,676.00",   
"594,188",2023/5/15 0:00,897,2023/5/15 0:00,113403,71,____  ,2,"124,202.00","608,542.00",0,0,"1,596,142",RT01,0,81
"2,472,531",2023/5/15 0:00,231,2023/5/15 0:00,11230,186,___    ,1,120,"845,854.00",0,0,"1,676,200",AG01,0,6
"2,472,531",2023/5/15 0:00,231,2023/5/15 0:00,105543,1005,__      ,1,"30,000.00","3,695,354.00",0,1,"1,676,200",SA01,0,   
"2,472,531",2023/5/15 0:00,231,2023/5/15 0:00,105846,1079,____  ,1,"1,000,000.00","135,354.00",0,1,"1,676,200",SA01,0,   
"2,472,531",2023/5/15 0:00,231,2023/5/15 0:00,105217,1001,____  ,1,"50,000.00","3,795,854.00",0,1,"1,676,200",SA01,"50,000.00",   
"2,472,531",2023/5/15 0:00,231,2023/5/15 0:00,105459,1005,__      ,1,"30,000.00","3,725,354.00",0,1,"1,676,200",SA01,0,   
"2,472,531",2023/5/15 0:00,231,2023/5/15 0:00,105646,1079,____  ,1,"2,560,000.00","1,135,354.00",0,1,"1,676,200",SA01,0,   
"2,472,531",2023/5/15 0:00,231,2023/5/15 0:00,94405,71,____  ,2,"3,000,000.00","3,845,854.00",0,0,"1,676,200",RT01,0,52
"2,472,531",2023/5/15 0:00,231,2023/5/15 0:00,105311,1001,____  ,1,"36,000.00","3,759,854.00",0,1,"1,676,200",SA01,"36,000.00",   
"2,472,531",2023/5/15 0:00,231,2023/5/15 0:00,105354,1005,__      ,1,"4,500.00","3,755,354.00",0,1,"1,676,200",SA01,0,   
"2,472,531",2023/5/29 0:00,231,2023/5/29 0:00,124256,1079,____  ,1,"1,600,000.00","7,224,651.00",0,1,"1,676,200",SA01,0,   
"2,472,531",2023/5/29 0:00,231,2023/5/29 0:00,110803,71,____  ,2,"8,041,685.00","8,824,651.00",0,0,"1,676,200",RT01,0,812
"2,472,531",2023/5/29 0:00,231,2023/5/29 0:00,124418,1001,____  ,1,"10,000.00","7,178,651.00",0,1,"1,676,200",SA01,"10,000.00",   
"2,472,531",2023/5/29 0:00,231,2023/5/29 0:00,124341,1005,__      ,1,"36,000.00","7,188,651.00",0,1,"1,676,200",SA01,0,   
"2,472,531",2023/5/24 0:00,231,2023/5/24 0:00,110917,1001,____  ,1,"20,000.00","866,354.00",0,1,"1,676,200",SA01,"20,000.00",   
"2,472,531",2023/5/24 0:00,231,2023/5/24 0:00,111040,1197,__      ,1,"98,906.00","767,448.00",0,1,"1,676,200",SA01,0,   
"2,472,531",2023/5/31 0:00,231,2023/5/31 0:00,110856,1079,____  ,1,"100,000.00","4,908,307.00",0,1,"1,676,200",SA01,0,   
"2,472,531",2023/5/31 0:00,231,2023/5/31 0:00,112028,1079,____  ,1,"45,000.00","4,538,807.00",0,1,"1,676,200",SA01,0,   
"2,472,531",2023/5/31 0:00,231,2023/5/31 0:00,110323,1005,__      ,1,"144,000.00","5,175,807.00",0,1,"1,676,200",SA01,0,   
"2,472,531",2023/5/31 0:00,231,2023/5/31 0:00,110409,1005,__      ,1,"23,500.00","5,152,307.00",0,1,"1,676,200",SA01,0,   
"2,472,531",2023/5/31 0:00,231,2023/5/31 0:00,110504,1005,__      ,1,"40,000.00","5,112,307.00",0,1,"1,676,200",SA01,0,   
"2,472,531",2023/5/31 0:00,231,2023/5/31 0:00,111837,1079,____  ,1,"50,000.00","4,583,807.00",0,1,"1,676,200",SA01,0,   
"2,472,531",2023/5/31 0:00,231,2023/5/31 0:00,111709,1079,____  ,1,"150,000.00","4,633,807.00",0,1,"1,676,200",SA01,0,   
"2,472,531",2023/5/31 0:00,231,2023/5/31 0:00,111535,1079,____  ,1,"24,500.00","4,783,807.00",0,1,"1,676,200",SA01,0,   
"2,472,531",2023/5/31 0:00,231,2023/5/31 0:00,111353,1079,____  ,1,"6,000.00","4,808,307.00",0,1,"1,676,200",SA01,0,   
"2,472,531",2023/5/31 0:00,231,2023/5/31 0:00,110546,1005,__      ,1,"35,000.00","5,077,307.00",0,1,"1,676,200",SA01,0,   
"2,472,531",2023/5/31 0:00,231,2023/5/31 0:00,110704,1079,____  ,1,"69,000.00","5,008,307.00",0,1,"1,676,200",SA01,0,   
"2,472,531",2023/5/31 0:00,231,2023/5/31 0:00,111223,1079,____  ,1,"49,000.00","4,814,307.00",0,1,"1,676,200",SA01,0,   
"2,472,531",2023/5/31 0:00,231,2023/5/31 0:00,111047,1079,____  ,1,"45,000.00","4,863,307.00",0,1,"1,676,200",SA01,0,   
"2,472,531",2023/5/30 0:00,231,2023/5/30 0:00,14408,1031,____  ,1,100,"7,178,551.00",0,0,"1,676,200",AG01,0,   
"2,472,531",2023/5/30 0:00,231,2023/5/30 0:00,14408,1031,____  ,1,70,"7,178,481.00",0,0,"1,676,200",AG01,0,   
"2,472,531",2023/5/30 0:00,231,2023/5/30 0:00,113455,1001,____  ,1,"100,000.00","5,703,407.00",0,1,"1,676,200",SA01,"100,000.00",   
"2,472,531",2023/5/30 0:00,231,2023/5/30 0:00,113615,1005,__      ,1,"3,600.00","5,319,807.00",0,1,"1,676,200",SA01,0,   
"2,472,531",2023/5/30 0:00,231,2023/5/30 0:00,113539,1001,____  ,1,"380,000.00","5,323,407.00",0,1,"1,676,200",SA01,"380,000.00",   
"2,472,531",2023/5/30 0:00,231,2023/5/30 0:00,113358,1079,____  ,1,"175,074.00","5,803,407.00",0,1,"1,676,200",SA01,0,   
"2,472,531",2023/5/30 0:00,231,2023/5/30 0:00,113257,1079,____  ,1,"1,200,000.00","5,978,481.00",0,1,"1,676,200",SA01,0,   
"2,472,531",2023/5/25 0:00,231,2023/5/25 0:00,20516,1031,____  ,1,712,"766,736.00",0,0,"1,676,200",AG01,0,   
"2,472,531",2023/5/25 0:00,231,2023/5/25 0:00,120016,1417,____  ,2,"16,230.00","782,966.00",0,0,"1,676,200",AT01,0,808
"2,472,531",2023/5/22 0:00,231,2023/5/22 0:00,835,90,____  ,2,"14,500.00","869,854.00",0,0,"1,676,200",SA01,0,   
"2,472,531",2023/5/22 0:00,231,2023/5/22 0:00,835,90,____  ,2,"16,500.00","886,354.00",0,0,"1,676,200",SA01,0,   
"2,472,531",2023/5/19 0:00,231,2023/5/19 0:00,153726,71,____  ,2,"60,000.00","855,354.00",0,0,"1,676,200",RT01,0,6
"2,472,531",2023/5/18 0:00,231,2023/5/18 0:00,104938,1,____  ,2,"100,000.00","795,354.00",0,1,"1,676,200",SA01,"100,000.00",   
"2,472,531",2023/5/17 0:00,231,2023/5/17 0:00,123317,1,____  ,2,"420,000.00","695,354.00",0,1,"1,676,200",SA01,"420,000.00",   
"2,472,531",2023/5/16 0:00,231,2023/5/16 0:00,103639,1,____  ,2,"140,000.00","275,354.00",0,1,"1,676,200",SA01,"140,000.00",   
"751,111",2023/5/24 0:00,37,2023/5/24 0:00,11056,23,____  ,2,"1,358.00","417,795.00",0,0,"2,069,251",TI01,0,   
"751,111",2023/5/24 0:00,37,2023/5/24 0:00,11056,23,____  ,2,"1,358.00","416,437.00",0,0,"2,069,251",TI01,0,   
"2,731,624",2023/5/18 0:00,301,2023/5/18 0:00,120929,1005,__      ,1,"38,656.00",0,0,1,"1,886,830",SA01,0,   
"2,731,624",2023/5/18 0:00,301,2023/5/18 0:00,125729,1,____  ,2,"77,263.00","77,263.00",0,1,"1,886,830",SA01,"77,263.00",   
"2,731,624",2023/5/18 0:00,301,2023/5/18 0:00,130155,1,____  ,2,"111,403.00","188,666.00",0,1,"1,886,830",SA01,"111,403.00",   
"2,446,870",2023/5/31 0:00,1030,2023/5/31 0:00,104453,239,____  ,1,500,"107,423.00",0,0,"2,608,185",NB01,0,50
"2,446,870",2023/5/17 0:00,1030,2023/5/17 0:00,4723,23,____  ,2,103,"107,923.00",0,0,"2,608,185",TI01,0,   
"2,446,870",2023/5/17 0:00,1030,2023/5/17 0:00,4722,23,____  ,2,93,"107,820.00",0,0,"2,608,185",TI01,0,   
"2,525,009",2023/5/31 0:00,408,2023/5/30 0:00,215027,239,____  ,1,750,"439,849.00",0,0,"64,733",NB01,0,808
"2,525,009",2023/5/31 0:00,408,2023/5/31 0:00,154724,239,____  ,1,"22,670.00","219,209.00",0,0,"64,733",NB01,0,808
"2,525,009",2023/5/31 0:00,408,2023/5/31 0:00,70225,235,____  ,1,"85,970.00","353,879.00",0,0,"64,733",NB01,0,874
"2,525,009",2023/5/31 0:00,408,2023/5/31 0:00,91049,236,____  ,1,"112,000.00","241,879.00",0,0,"64,733",NB01,0,103
"2,525,009",2023/5/30 0:00,408,2023/5/30 0:00,141913,239,____  ,1,"4,000.00","440,599.00",0,0,"64,733",NB01,0,700
"2,525,009",2023/5/30 0:00,408,2023/5/30 0:00,111807,239,____  ,1,"3,888.00","444,599.00",0,0,"64,733",NB01,0,16
"2,525,009",2023/5/29 0:00,408,2023/5/27 0:00,202912,239,____  ,1,"10,000.00","455,307.00",0,0,"64,733",NB01,0,6
"2,525,009",2023/5/29 0:00,408,2023/5/27 0:00,182926,313,AT___  ,2,"100,000.00","311,307.00",0,0,"64,733",AT01,"100,000.00",103
"2,525,009",2023/5/29 0:00,408,2023/5/27 0:00,183048,313,AT___  ,2,"100,000.00","411,307.00",0,0,"64,733",AT01,"100,000.00",103
"2,525,009",2023/5/29 0:00,408,2023/5/27 0:00,224805,239,____  ,1,"6,820.00","448,487.00",0,0,"64,733",NB01,0,9
"2,525,009",2023/5/29 0:00,408,2023/5/27 0:00,182803,313,AT___  ,2,"100,000.00","211,307.00",0,0,"64,733",AT01,"100,000.00",103
"2,525,009",2023/5/29 0:00,408,2023/5/27 0:00,183201,313,AT___  ,2,"54,000.00","465,307.00",0,0,"64,733",AT01,"54,000.00",103
"2,525,009",2023/5/15 0:00,408,2023/5/15 0:00,10357,1198,____  ,1,"10,000.00","118,744.00",0,0,"64,733",AG01,0,822
"2,525,009",2023/5/15 0:00,408,2023/5/15 0:00,10721,1123,____  ,2,43,"118,787.00",0,0,"64,733",AG01,0,   
"2,525,009",2023/5/15 0:00,408,2023/5/15 0:00,70506,235,____  ,1,"57,580.00","61,207.00",0,0,"64,733",NB01,0,806
"2,525,009",2023/5/15 0:00,408,2023/5/15 0:00,70605,235,____  ,1,"26,760.00","34,447.00",0,0,"64,733",NB01,0,6
"2,525,009",2023/5/15 0:00,408,2023/5/15 0:00,133342,239,____  ,1,"6,640.00","27,807.00",0,0,"64,733",NB01,0,6
"2,525,009",2023/5/24 0:00,408,2023/5/24 0:00,70006,235,____  ,1,"9,800.00","111,307.00",0,0,"64,733",NB01,0,54
"2,525,009",2023/5/22 0:00,408,2023/5/20 0:00,173304,313,AT___  ,2,"41,000.00","160,157.00",0,0,"64,733",AT01,"41,000.00",103
"2,525,009",2023/5/22 0:00,408,2023/5/22 0:00,101236,239,____  ,1,"39,070.00","121,087.00",0,0,"64,733",NB01,0,6
"2,525,009",2023/5/22 0:00,408,2023/5/22 0:00,152438,1005,__      ,2,5,"121,102.00",0,0,"64,733",AG01,0,   
"2,525,009",2023/5/22 0:00,408,2023/5/22 0:00,152438,1005,__      ,2,5,"121,107.00",0,0,"64,733",AG01,0,   
"2,525,009",2023/5/22 0:00,408,2023/5/22 0:00,152438,1005,__      ,2,10,"121,097.00",0,0,"64,733",AG01,0,   
"2,525,009",2023/5/18 0:00,408,2023/5/18 0:00,200006,313,AT___  ,2,"100,000.00","119,157.00",0,0,"64,733",AT01,"100,000.00",103
"2,525,009",2023/5/17 0:00,408,2023/5/17 0:00,110307,239,____  ,1,"4,300.00","23,507.00",0,0,"64,733",NB01,0,700
"2,525,009",2023/5/17 0:00,408,2023/5/17 0:00,112256,239,____  ,1,"4,350.00","19,157.00",0,0,"64,733",NB01,0,6
"1,268,851",2023/5/15 0:00,1030,2023/5/15 0:00,2134,23,____  ,2,"1,723.00","691,123.00",0,0,"2,128,094",TI01,0,   
"1,268,851",2023/5/15 0:00,1030,2023/5/15 0:00,2134,23,____  ,2,"1,590.00","689,400.00",0,0,"2,128,094",TI01,0,   
"1,417,818",2023/6/1 0:00,301,2023/5/31 0:00,234248,1417,____  ,2,"20,685.00","350,955.00",0,0,"1,886,830",AT01,0,11
"1,417,818",2023/5/31 0:00,301,2023/5/31 0:00,63057,201,FEDI__  ,2,"309,000.00","315,560.00",0,0,"1,886,830",    ,0,6
"1,417,818",2023/5/31 0:00,301,2023/5/31 0:00,175344,1417,____  ,2,"14,710.00","330,270.00",0,0,"1,886,830",AT01,0,12
"2,954,372",2023/5/15 0:00,37,2023/5/15 0:00,100229,1417,____  ,2,"6,200.00","1,277,747.00",0,0,"2,069,251",AT01,0,803
"2,954,372",2023/5/15 0:00,37,2023/5/15 0:00,145421,1417,____  ,2,"9,750.00","1,287,497.00",0,0,"2,069,251",AT01,0,822
"2,954,372",2023/5/25 0:00,37,2023/5/25 0:00,133502,1197,__      ,1,"66,984.00","570,046.00",0,1,"2,069,251",SA01,0,   
"2,954,372",2023/5/26 0:00,37,2023/5/26 0:00,122102,1,____  ,2,"10,000.00","600,046.00",0,0,"2,069,251",SA01,"10,000.00",   
"2,954,372",2023/5/26 0:00,37,2023/5/26 0:00,111757,1417,____  ,2,"20,000.00","590,046.00",0,0,"2,069,251",AT01,0,822
"2,954,372",2023/5/26 0:00,37,2023/5/26 0:00,191557,177,____  ,2,"19,935.00","619,981.00",0,0,"2,069,251",    ,0,6
"2,954,372",2023/5/22 0:00,37,2023/5/22 0:00,150034,1079,____  ,1,"242,557.00","1,056,676.00",0,1,"2,069,251",SA01,0,   
"2,954,372",2023/5/22 0:00,37,2023/5/22 0:00,132838,71,____  ,2,"32,800.00","1,299,233.00",0,0,"2,069,251",RT01,0,700
"2,954,372",2023/5/22 0:00,37,2023/5/22 0:00,151634,1001,____  ,1,"600,000.00","456,676.00",0,1,"2,069,251",SA01,"600,000.00",   
"2,954,372",2023/5/22 0:00,37,2023/5/22 0:00,203401,1417,____  ,2,"9,200.00","465,876.00",0,0,"2,069,251",AT01,0,7
"2,954,372",2023/5/19 0:00,37,2023/5/19 0:00,125047,71,____  ,2,"22,000.00","1,321,663.00",0,0,"2,069,251",RT01,0,700
"2,954,372",2023/5/19 0:00,37,2023/5/19 0:00,142222,1079,____  ,1,"55,230.00","1,266,433.00",0,1,"2,069,251",SA01,0,   
"2,954,372",2023/5/18 0:00,37,2023/5/17 0:00,215641,1417,____  ,2,"29,000.00","1,273,663.00",0,0,"2,069,251",AT01,0,13
"2,954,372",2023/5/18 0:00,37,2023/5/18 0:00,155345,1417,____  ,2,"26,000.00","1,299,663.00",0,0,"2,069,251",AT01,0,700
"2,954,372",2023/5/17 0:00,37,2023/5/17 0:00,92630,1417,____  ,2,"18,790.00","1,544,663.00",0,0,"2,069,251",AT01,0,824
"2,954,372",2023/5/17 0:00,37,2023/5/17 0:00,105212,1001,____  ,1,"300,000.00","1,244,663.00",0,1,"2,069,251",SA01,"300,000.00",   
"2,954,372",2023/5/16 0:00,37,2023/5/15 0:00,232829,1417,____  ,2,"35,000.00","1,323,697.00",0,0,"2,069,251",AT01,0,822
"2,954,372",2023/5/16 0:00,37,2023/5/15 0:00,232344,1417,____  ,2,"1,200.00","1,288,697.00",0,0,"2,069,251",AT01,0,807
"2,954,372",2023/5/16 0:00,37,2023/5/16 0:00,115509,1,____  ,2,"30,000.00","1,353,697.00",0,0,"2,069,251",SA01,"30,000.00",   
"2,954,372",2023/5/16 0:00,37,2023/5/16 0:00,125755,1005,__      ,2,"12,407.00","1,366,104.00",0,0,"2,069,251",SA01,0,   
"2,954,372",2023/5/16 0:00,37,2023/5/16 0:00,193431,1417,____  ,2,"8,280.00","1,525,873.00",0,0,"2,069,251",AT01,0,4
"2,954,372",2023/5/16 0:00,37,2023/5/16 0:00,154415,71,____  ,2,"140,850.00","1,517,593.00",0,0,"2,069,251",RT01,0,108
"2,954,372",2023/5/16 0:00,37,2023/5/16 0:00,151405,71,____  ,2,"10,639.00","1,376,743.00",0,0,"2,069,251",RT01,0,147
"2,954,372",2023/5/24 0:00,37,2023/5/24 0:00,122730,1079,____  ,1,"340,030.00","637,030.00",0,1,"2,069,251",SA01,0,   
"2,954,372",2023/6/1 0:00,37,2023/5/31 0:00,225329,1417,____  ,2,"21,030.00","1,254,507.00",0,0,"2,069,251",AT01,0,824
"2,954,372",2023/5/31 0:00,37,2023/5/31 0:00,5950,90,____  ,2,"489,400.00","1,233,477.00",0,0,"2,069,251",SA01,0,   
"2,954,372",2023/5/30 0:00,37,2023/5/30 0:00,122155,71,____  ,2,"99,700.00","744,077.00",0,0,"2,069,251",RT01,0,108
"2,954,372",2023/5/30 0:00,37,2023/5/30 0:00,14029,1414,___    ,2,"21,013.00","644,377.00",0,0,"2,069,251",AG01,0,5
"2,954,372",2023/5/29 0:00,37,2023/5/29 0:00,134517,71,____  ,2,"3,383.00","623,364.00",0,0,"2,069,251",RT01,0,147
"2,954,372",2023/5/23 0:00,37,2023/5/23 0:00,12422,90,____  ,2,"41,500.00","536,056.00",0,0,"2,069,251",SA01,0,   
"2,954,372",2023/5/23 0:00,37,2023/5/23 0:00,12422,90,____  ,2,"324,987.00","861,043.00",0,0,"2,069,251",SA01,0,   
"2,954,372",2023/5/23 0:00,37,2023/5/23 0:00,12422,90,____  ,2,"7,680.00","473,556.00",0,0,"2,069,251",SA01,0,   
"2,954,372",2023/5/23 0:00,37,2023/5/23 0:00,12422,90,____  ,2,"21,000.00","494,556.00",0,0,"2,069,251",SA01,0,   
"2,954,372",2023/5/23 0:00,37,2023/5/23 0:00,131125,1417,____  ,2,"2,617.00","863,660.00",0,0,"2,069,251",AT01,0,822
"2,954,372",2023/5/23 0:00,37,2023/5/23 0:00,152941,71,____  ,2,"113,400.00","977,060.00",0,0,"2,069,251",RT01,0,108
"301,043",2023/5/22 0:00,37,2023/5/22 0:00,91204,71,____  ,2,"1,790,149.00","2,020,214.00",0,0,"1,168,288",RT01,0,822
"301,043",2023/5/22 0:00,37,2023/5/22 0:00,91204,71,____  ,2,"1,790,149.00","2,020,214.00",0,0,"1,168,288",RT01,0,822
"301,043",2023/5/22 0:00,37,2023/5/22 0:00,113003,71,____  ,2,"51,699.00","2,071,913.00",0,0,"1,168,288",RT01,0,5
"301,043",2023/5/22 0:00,37,2023/5/22 0:00,113003,71,____  ,2,"51,699.00","2,071,913.00",0,0,"1,168,288",RT01,0,5
"301,043",2023/5/22 0:00,37,2023/5/22 0:00,113948,71,____  ,2,"138,885.00","2,210,798.00",0,0,"1,168,288",RT01,0,5
"301,043",2023/5/22 0:00,37,2023/5/22 0:00,113948,71,____  ,2,"138,885.00","2,210,798.00",0,0,"1,168,288",RT01,0,5
"301,043",2023/5/22 0:00,37,2023/5/22 0:00,151936,1001,____  ,1,"2,200,000.00","10,798.00",0,1,"1,168,288",SA01,"2,200,000.00",   
"301,043",2023/5/22 0:00,37,2023/5/22 0:00,151936,1001,____  ,1,"2,200,000.00","10,798.00",0,1,"1,168,288",SA01,"2,200,000.00",   
"301,043",2023/5/16 0:00,37,2023/5/16 0:00,111128,71,____  ,2,"32,181.00","230,065.00",0,0,"1,168,288",RT01,0,114
"301,043",2023/5/16 0:00,37,2023/5/16 0:00,111128,71,____  ,2,"32,181.00","230,065.00",0,0,"1,168,288",RT01,0,114
"301,043",2023/5/23 0:00,37,2023/5/23 0:00,113139,71,____  ,2,"9,330.00","20,128.00",0,0,"1,168,288",RT01,0,114
"301,043",2023/5/23 0:00,37,2023/5/23 0:00,113139,71,____  ,2,"9,330.00","20,128.00",0,0,"1,168,288",RT01,0,114
"301,043",2023/5/30 0:00,37,2023/5/30 0:00,114204,71,____  ,2,"28,105.00","48,233.00",0,0,"1,168,288",RT01,0,114
"301,043",2023/5/30 0:00,37,2023/5/30 0:00,114204,71,____  ,2,"28,105.00","48,233.00",0,0,"1,168,288",RT01,0,114
"1,584,352",2023/5/26 0:00,37,2023/5/26 0:00,20217,1202,____  ,1,"51,672.00","1,102,888.00",0,0,"1,304,957",AG01,0,803
"1,584,352",2023/5/26 0:00,37,2023/5/26 0:00,121828,1005,__      ,2,"190,000.00","2,290,388.00",0,0,"1,304,957",SA01,0,   
"1,584,352",2023/5/26 0:00,37,2023/5/26 0:00,132022,1963,____  ,1,"100,000.00","2,190,388.00",0,0,"1,304,957",FS01,0,   
"1,584,352",2023/5/26 0:00,37,2023/5/26 0:00,112917,1417,____  ,2,"853,000.00","1,955,888.00",0,0,"1,304,957",AT01,0,822
"1,584,352",2023/5/26 0:00,37,2023/5/26 0:00,121755,1,____  ,2,"144,500.00","2,100,388.00",0,0,"1,304,957",SA01,"144,500.00",   
"1,584,352",2023/5/26 0:00,37,2023/5/26 0:00,143732,1417,____  ,2,"30,060.00","2,220,448.00",0,0,"1,304,957",AT01,0,822
"1,584,352",2023/5/26 0:00,37,2023/5/26 0:00,160647,1222,____  ,1,"112,882.00","2,039,353.00",0,0,"1,304,957",AG01,0,   
"1,584,352",2023/5/26 0:00,37,2023/5/26 0:00,160647,1222,____  ,1,"7,937.00","2,212,511.00",0,0,"1,304,957",AG01,0,   
"1,584,352",2023/5/26 0:00,37,2023/5/26 0:00,160647,1222,____  ,1,"60,276.00","2,152,235.00",0,0,"1,304,957",AG01,0,   
"1,584,352",2023/5/26 0:00,37,2023/5/26 0:00,201742,9999,____  ,1,80,"2,039,273.00",0,0,"1,304,957",GLGL,0,103
"1,584,352",2023/5/31 0:00,37,2023/5/30 0:00,220939,236,____  ,1,"25,000.00","6,624,524.00",0,0,"1,304,957",NB01,0,103
"1,584,352",2023/5/31 0:00,37,2023/5/30 0:00,221005,239,____  ,1,"125,000.00","6,499,524.00",0,0,"1,304,957",NB01,0,21
"1,584,352",2023/5/31 0:00,37,2023/5/31 0:00,5600,90,____  ,2,"69,447.00","6,553,971.00",0,0,"1,304,957",SA01,0,   
"1,584,352",2023/5/31 0:00,37,2023/5/30 0:00,221030,239,____  ,1,"15,000.00","6,484,524.00",0,0,"1,304,957",NB01,0,118
"1,584,352",2023/5/31 0:00,37,2023/5/31 0:00,100310,1963,____  ,1,"489,808.00","6,064,163.00",0,1,"1,304,957",SA01,0,   
"1,584,352",2023/5/31 0:00,37,2023/5/31 0:00,142717,1417,____  ,2,"1,600.00","6,178,949.00",0,0,"1,304,957",AT01,0,822
"1,584,352",2023/5/31 0:00,37,2023/5/31 0:00,164924,239,____  ,1,"2,000,000.00","4,178,149.00",0,0,"1,304,957",NB01,0,12
"1,584,352",2023/5/31 0:00,37,2023/5/31 0:00,125815,1,____  ,2,"113,200.00","6,177,349.00",0,0,"1,304,957",SA01,"113,200.00",   
"1,584,352",2023/5/31 0:00,37,2023/5/31 0:00,164747,239,____  ,1,800,"6,178,149.00",0,0,"1,304,957",NB01,0,808
"1,584,352",2023/5/31 0:00,37,2023/5/31 0:00,110031,9999,____  ,1,14,"6,064,149.00",0,0,"1,304,957",GLGL,0,103
"1,584,352",2023/5/30 0:00,37,2023/5/30 0:00,13949,1031,____  ,1,999,"2,363,736.00",0,0,"1,304,957",AG01,0,   
"1,584,352",2023/5/30 0:00,37,2023/5/30 0:00,103939,57,____  ,2,"5,995,000.00","8,358,736.00",0,0,"1,304,957",LN01,0,   
"1,584,352",2023/5/30 0:00,37,2023/5/30 0:00,121634,1005,__      ,2,"250,000.00","8,608,736.00",0,0,"1,304,957",SA01,0,   
"1,584,352",2023/5/30 0:00,37,2023/5/30 0:00,11001,89,___    ,2,"264,305.00","2,364,735.00",0,0,"1,304,957",SA01,0,   
"1,584,352",2023/5/30 0:00,37,2023/5/30 0:00,184514,239,____  ,1,"2,000,000.00","6,652,704.00",0,0,"1,304,957",NB01,0,8
"1,584,352",2023/5/30 0:00,37,2023/5/30 0:00,160549,1222,____  ,1,"9,647.00","8,772,579.00",0,0,"1,304,957",AG01,0,   
"1,584,352",2023/5/30 0:00,37,2023/5/30 0:00,160549,1222,____  ,1,"40,143.00","8,732,436.00",0,0,"1,304,957",AG01,0,   
"1,584,352",2023/5/30 0:00,37,2023/5/30 0:00,160549,1222,____  ,1,"79,732.00","8,652,704.00",0,0,"1,304,957",AG01,0,   
"1,584,352",2023/5/30 0:00,37,2023/5/30 0:00,121728,1,____  ,2,"173,000.00","8,781,736.00",0,0,"1,304,957",SA01,"173,000.00",   
"1,584,352",2023/5/30 0:00,37,2023/5/30 0:00,130359,1417,____  ,2,490,"8,782,226.00",0,0,"1,304,957",AT01,0,822
"1,584,352",2023/5/30 0:00,37,2023/5/30 0:00,184536,239,____  ,1,"3,180.00","6,649,524.00",0,0,"1,304,957",NB01,0,9
"1,584,352",2023/5/29 0:00,37,2023/5/27 0:00,101454,239,____  ,1,"30,000.00","2,009,273.00",0,0,"1,304,957",NB01,0,108
"1,584,352",2023/5/29 0:00,37,2023/5/28 0:00,152833,1222,____  ,1,"84,118.00","1,834,465.00",0,0,"1,304,957",AG01,0,   
"1,584,352",2023/5/29 0:00,37,2023/5/28 0:00,152833,1222,____  ,1,"7,917.00","2,001,356.00",0,0,"1,304,957",AG01,0,   
"1,584,352",2023/5/29 0:00,37,2023/5/28 0:00,152833,1222,____  ,1,"82,773.00","1,918,583.00",0,0,"1,304,957",AG01,0,   
"1,584,352",2023/5/29 0:00,37,2023/5/29 0:00,135427,1417,____  ,2,"22,890.00","1,857,355.00",0,0,"1,304,957",AT01,0,822
"1,584,352",2023/5/29 0:00,37,2023/5/29 0:00,144821,1,____  ,2,"401,300.00","2,235,765.00",0,0,"1,304,957",SA01,"401,300.00",   
"1,584,352",2023/5/29 0:00,37,2023/5/29 0:00,143949,239,____  ,1,"22,890.00","1,834,465.00",0,0,"1,304,957",NB01,0,12
"1,584,352",2023/5/29 0:00,37,2023/5/29 0:00,160942,1222,____  ,1,"5,481.00","2,230,284.00",0,0,"1,304,957",AG01,0,   
"1,584,352",2023/5/29 0:00,37,2023/5/29 0:00,160942,1222,____  ,1,"57,246.00","2,173,038.00",0,0,"1,304,957",AG01,0,   
"1,584,352",2023/5/29 0:00,37,2023/5/29 0:00,160942,1222,____  ,1,"72,608.00","2,100,430.00",0,0,"1,304,957",AG01,0,   
"1,584,352",2023/5/26 0:00,37,2023/5/25 0:00,222140,239,____  ,1,"3,250.00","1,154,560.00",0,0,"1,304,957",NB01,0,822
"1,584,352",2023/5/25 0:00,37,2023/5/25 0:00,20227,1031,____  ,1,300,"2,078,310.00",0,0,"1,304,957",AG01,0,   
"1,584,352",2023/5/25 0:00,37,2023/5/25 0:00,70238,235,____  ,1,"14,310.00","2,064,000.00",0,0,"1,304,957",NB01,0,8
"1,584,352",2023/5/25 0:00,37,2023/5/25 0:00,160909,1222,____  ,1,"40,042.00","1,157,810.00",0,0,"1,304,957",AG01,0,   
"1,584,352",2023/5/25 0:00,37,2023/5/25 0:00,110206,239,____  ,1,"850,000.00","1,214,000.00",0,0,"1,304,957",NB01,0,8
"1,584,352",2023/5/25 0:00,37,2023/5/25 0:00,160909,1222,____  ,1,"3,959.00","1,210,041.00",0,0,"1,304,957",AG01,0,   
"1,584,352",2023/5/25 0:00,37,2023/5/25 0:00,160909,1222,____  ,1,"12,189.00","1,197,852.00",0,0,"1,304,957",AG01,0,   
"1,584,352",2023/5/15 0:00,37,2023/5/15 0:00,1224,90,____  ,2,"42,680.00","3,615,158.00",0,0,"1,304,957",SA01,0,   
"1,584,352",2023/5/15 0:00,37,2023/5/15 0:00,110152,1417,____  ,2,"30,173.00","3,698,398.00",0,0,"1,304,957",AT01,0,822
"1,584,352",2023/5/15 0:00,37,2023/5/15 0:00,102355,71,____  ,2,"53,067.00","3,668,225.00",0,0,"1,304,957",RT01,0,7
"1,584,352",2023/5/15 0:00,37,2023/5/15 0:00,130759,177,____  ,2,"21,420.00","3,939,818.00",0,0,"1,304,957",    ,0,808
"1,584,352",2023/5/15 0:00,37,2023/5/15 0:00,122048,1417,____  ,2,"220,000.00","3,918,398.00",0,0,"1,304,957",AT01,0,822
"1,584,352",2023/5/15 0:00,37,2023/5/15 0:00,142808,1,____  ,2,"403,100.00","4,392,918.00",0,0,"1,304,957",SA01,"403,100.00",   
"1,584,352",2023/5/15 0:00,37,2023/5/15 0:00,142342,1417,____  ,2,"50,000.00","3,989,818.00",0,0,"1,304,957",AT01,0,13
"1,584,352",2023/5/15 0:00,37,2023/5/15 0:00,171438,239,____  ,1,"24,730.00","4,284,479.00",0,0,"1,304,957",NB01,0,12
"1,584,352",2023/5/15 0:00,37,2023/5/15 0:00,151951,1417,____  ,2,"24,730.00","4,439,616.00",0,0,"1,304,957",AT01,0,822
"1,584,352",2023/5/15 0:00,37,2023/5/15 0:00,150827,1417,____  ,2,"21,968.00","4,414,886.00",0,0,"1,304,957",AT01,0,12
"1,584,352",2023/5/15 0:00,37,2023/5/15 0:00,160457,1222,____  ,1,"37,555.00","4,394,814.00",0,0,"1,304,957",AG01,0,   
"1,584,352",2023/5/15 0:00,37,2023/5/15 0:00,160457,1222,____  ,1,"7,247.00","4,432,369.00",0,0,"1,304,957",AG01,0,   
"1,584,352",2023/5/15 0:00,37,2023/5/15 0:00,160457,1222,____  ,1,"85,605.00","4,309,209.00",0,0,"1,304,957",AG01,0,   
"1,584,352",2023/5/24 0:00,37,2023/5/23 0:00,225522,239,____  ,1,"100,000.00","1,985,291.00",0,0,"1,304,957",NB01,0,12
"1,584,352",2023/5/24 0:00,37,2023/5/24 0:00,123659,1,____  ,2,"180,290.00","2,170,441.00",0,0,"1,304,957",SA01,"180,290.00",   
"1,584,352",2023/5/24 0:00,37,2023/5/24 0:00,92807,1417,____  ,2,"30,000.00","1,890,651.00",0,0,"1,304,957",AT01,0,822
"1,584,352",2023/5/24 0:00,37,2023/5/24 0:00,64226,239,____  ,1,"124,640.00","1,860,651.00",0,0,"1,304,957",NB01,0,807
"1,584,352",2023/5/24 0:00,37,2023/5/24 0:00,160428,1222,____  ,1,"91,771.00","2,078,670.00",0,0,"1,304,957",AG01,0,   
"1,584,352",2023/5/24 0:00,37,2023/5/24 0:00,112846,71,____  ,2,"99,500.00","1,990,151.00",0,0,"1,304,957",RT01,0,118
"1,584,352",2023/5/24 0:00,37,2023/5/24 0:00,162512,9999,____  ,1,60,"2,078,610.00",0,0,"1,304,957",G2GL,0,103
"1,584,352",2023/5/23 0:00,37,2023/5/23 0:00,2712,1417,____  ,2,"10,300.00","3,198,159.00",0,0,"1,304,957",AT01,0,822
"1,584,352",2023/5/23 0:00,37,2023/5/23 0:00,174336,239,____  ,1,"88,200.00","2,480,491.00",0,0,"1,304,957",NB01,0,807
"1,584,352",2023/5/23 0:00,37,2023/5/23 0:00,174543,239,____  ,1,"10,000.00","2,085,291.00",0,0,"1,304,957",NB01,0,812
"1,584,352",2023/5/23 0:00,37,2023/5/23 0:00,120813,9999,____  ,1,60,"3,198,099.00",0,0,"1,304,957",G2GL,0,103
"1,584,352",2023/5/23 0:00,37,2023/5/23 0:00,125156,1,____  ,2,"169,400.00","3,367,499.00",0,0,"1,304,957",SA01,"169,400.00",   
"1,584,352",2023/5/23 0:00,37,2023/5/23 0:00,160449,1222,____  ,1,"59,682.00","3,514,975.00",0,0,"1,304,957",AG01,0,   
"1,584,352",2023/5/23 0:00,37,2023/5/23 0:00,125241,1005,__      ,2,"210,000.00","3,577,499.00",0,0,"1,304,957",SA01,0,   
"1,584,352",2023/5/23 0:00,37,2023/5/23 0:00,160448,1222,____  ,1,"2,842.00","3,574,657.00",0,0,"1,304,957",AG01,0,   
"1,584,352",2023/5/23 0:00,37,2023/5/23 0:00,174241,239,____  ,1,"212,400.00","3,216,391.00",0,0,"1,304,957",NB01,0,53
"1,584,352",2023/5/23 0:00,37,2023/5/23 0:00,174424,239,____  ,1,"385,200.00","2,095,291.00",0,0,"1,304,957",NB01,0,50
"1,584,352",2023/5/23 0:00,37,2023/5/23 0:00,160449,1222,____  ,1,"86,184.00","3,428,791.00",0,0,"1,304,957",AG01,0,   
"1,584,352",2023/5/23 0:00,37,2023/5/23 0:00,174315,239,____  ,1,"647,700.00","2,568,691.00",0,0,"1,304,957",NB01,0,50
"1,584,352",2023/5/22 0:00,37,2023/5/20 0:00,42348,1417,____  ,2,"26,960.00","6,713,519.00",0,0,"1,304,957",AT01,0,822
"1,584,352",2023/5/22 0:00,37,2023/5/20 0:00,234810,1417,____  ,2,"264,806.00","6,991,649.00",0,0,"1,304,957",AT01,0,807
"1,584,352",2023/5/22 0:00,37,2023/5/20 0:00,113020,1417,____  ,2,"115,800.00","6,829,319.00",0,0,"1,304,957",AT01,0,803
"1,584,352",2023/5/22 0:00,37,2023/5/20 0:00,153556,1222,____  ,1,"3,948.00","6,825,371.00",0,0,"1,304,957",AG01,0,   
"1,584,352",2023/5/22 0:00,37,2023/5/20 0:00,153557,1222,____  ,1,"25,365.00","6,800,006.00",0,0,"1,304,957",AG01,0,   
"1,584,352",2023/5/22 0:00,37,2023/5/20 0:00,153557,1222,____  ,1,"73,163.00","6,726,843.00",0,0,"1,304,957",AG01,0,   
"1,584,352",2023/5/22 0:00,37,2023/5/21 0:00,155126,239,____  ,1,"1,005,000.00","5,886,724.00",0,0,"1,304,957",NB01,0,9
"1,584,352",2023/5/22 0:00,37,2023/5/21 0:00,153001,1222,____  ,1,"72,075.00","6,891,724.00",0,0,"1,304,957",AG01,0,   
"1,584,352",2023/5/22 0:00,37,2023/5/21 0:00,153001,1222,____  ,1,"3,033.00","6,988,616.00",0,0,"1,304,957",AG01,0,   
"1,584,352",2023/5/22 0:00,37,2023/5/21 0:00,153001,1222,____  ,1,"24,817.00","6,963,799.00",0,0,"1,304,957",AG01,0,   
"1,584,352",2023/5/22 0:00,37,2023/5/22 0:00,142036,239,____  ,1,"1,430,000.00","4,356,724.00",0,0,"1,304,957",NB01,0,8
"1,584,352",2023/5/22 0:00,37,2023/5/22 0:00,142009,239,____  ,1,"100,000.00","5,786,724.00",0,0,"1,304,957",NB01,0,12
"1,584,352",2023/5/22 0:00,37,2023/5/22 0:00,195642,239,____  ,1,"28,700.00","3,187,859.00",0,0,"1,304,957",NB01,0,577
"1,584,352",2023/5/22 0:00,37,2023/5/22 0:00,195515,239,____  ,1,"35,000.00","4,327,059.00",0,0,"1,304,957",NB01,0,874
"1,584,352",2023/5/22 0:00,37,2023/5/22 0:00,195622,239,____  ,1,"326,100.00","3,216,559.00",0,0,"1,304,957",NB01,0,577
"618,967",2023/5/22 0:00,462,2023/5/22 0:00,145210,1005,__      ,2,100,111,0,0,"24,710",AG01,0,   
"1,584,352",2023/5/22 0:00,37,2023/5/22 0:00,145755,1,____  ,2,"304,360.00","4,661,084.00",0,0,"1,304,957",SA01,"304,360.00",   
"1,584,352",2023/5/22 0:00,37,2023/5/22 0:00,160524,1222,____  ,1,"58,408.00","4,551,982.00",0,0,"1,304,957",AG01,0,   
"1,584,352",2023/5/22 0:00,37,2023/5/22 0:00,160524,1222,____  ,1,"37,311.00","4,610,390.00",0,0,"1,304,957",AG01,0,   
"1,584,352",2023/5/22 0:00,37,2023/5/22 0:00,195559,239,____  ,1,"684,900.00","3,542,659.00",0,0,"1,304,957",NB01,0,613
"1,584,352",2023/5/22 0:00,37,2023/5/22 0:00,160524,1222,____  ,1,"13,383.00","4,647,701.00",0,0,"1,304,957",AG01,0,   
"1,584,352",2023/5/22 0:00,37,2023/5/22 0:00,195445,239,____  ,1,"189,923.00","4,362,059.00",0,0,"1,304,957",NB01,0,13
"1,584,352",2023/5/22 0:00,37,2023/5/22 0:00,195531,239,____  ,1,"99,500.00","4,227,559.00",0,0,"1,304,957",NB01,0,874
"1,584,352",2023/5/19 0:00,37,2023/5/18 0:00,235313,1417,____  ,2,"248,834.00","5,611,281.00",0,0,"1,304,957",AT01,0,8
"1,584,352",2023/5/19 0:00,37,2023/5/19 0:00,105500,9999,____  ,1,38,"5,611,243.00",0,0,"1,304,957",G2GL,0,103
"1,584,352",2023/5/19 0:00,37,2023/5/19 0:00,120059,1005,__      ,2,"230,000.00","5,841,243.00",0,0,"1,304,957",SA01,0,   
"1,584,352",2023/5/19 0:00,37,2023/5/19 0:00,132608,1417,____  ,2,"510,000.00","6,809,143.00",0,0,"1,304,957",AT01,0,822
"1,584,352",2023/5/19 0:00,37,2023/5/19 0:00,120157,1,____  ,2,"457,900.00","6,299,143.00",0,0,"1,304,957",SA01,"457,900.00",   
"1,584,352",2023/5/19 0:00,37,2023/5/19 0:00,160604,1222,____  ,1,"7,284.00","6,801,859.00",0,0,"1,304,957",AG01,0,   
"1,584,352",2023/5/19 0:00,37,2023/5/19 0:00,172456,239,____  ,1,"6,700.00","6,686,559.00",0,0,"1,304,957",NB01,0,816
"1,584,352",2023/5/19 0:00,37,2023/5/19 0:00,160604,1222,____  ,1,"38,692.00","6,763,167.00",0,0,"1,304,957",AG01,0,   
"1,584,352",2023/5/19 0:00,37,2023/5/19 0:00,160604,1222,____  ,1,"69,908.00","6,693,259.00",0,0,"1,304,957",AG01,0,   
"1,584,352",2023/5/18 0:00,37,2023/5/18 0:00,10622,89,___    ,2,"104,350.00","5,040,292.00",0,0,"1,304,957",SA01,0,   
"1,584,352",2023/5/18 0:00,37,2023/5/18 0:00,120451,1,____  ,2,"157,082.00","5,505,859.00",0,0,"1,304,957",SA01,"157,082.00",   
"1,584,352",2023/5/18 0:00,37,2023/5/18 0:00,61232,1417,____  ,2,"6,485.00","5,046,777.00",0,0,"1,304,957",AT01,0,822
"1,584,352",2023/5/18 0:00,37,2023/5/18 0:00,142503,1417,____  ,2,"10,999.00","5,516,858.00",0,0,"1,304,957",AT01,0,812
"1,584,352",2023/5/18 0:00,37,2023/5/18 0:00,150246,239,____  ,1,"17,484.00","5,499,374.00",0,0,"1,304,957",NB01,0,12
"1,584,352",2023/5/18 0:00,37,2023/5/18 0:00,104310,1417,____  ,2,"302,000.00","5,348,777.00",0,0,"1,304,957",AT01,0,822
"1,584,352",2023/5/18 0:00,37,2023/5/18 0:00,160406,1222,____  ,1,"5,743.00","5,493,631.00",0,0,"1,304,957",AG01,0,   
"1,584,352",2023/5/18 0:00,37,2023/5/18 0:00,160406,1222,____  ,1,"12,513.00","5,481,118.00",0,0,"1,304,957",AG01,0,   
"1,584,352",2023/5/18 0:00,37,2023/5/18 0:00,160406,1222,____  ,1,"23,215.00","5,457,903.00",0,0,"1,304,957",AG01,0,   
"1,584,352",2023/5/18 0:00,37,2023/5/18 0:00,160406,1222,____  ,1,"95,456.00","5,362,447.00",0,0,"1,304,957",AG01,0,   
"1,584,352",2023/5/17 0:00,37,2023/5/16 0:00,213221,239,____  ,1,"41,715.00","4,666,773.00",0,0,"1,304,957",NB01,0,9
"1,584,352",2023/5/17 0:00,37,2023/5/16 0:00,213607,177,____  ,2,"52,350.00","4,719,123.00",0,0,"1,304,957",    ,0,50
"1,584,352",2023/5/17 0:00,37,2023/5/17 0:00,4517,89,___    ,2,"116,800.00","4,835,923.00",0,0,"1,304,957",SA01,0,   
"1,584,352",2023/5/17 0:00,37,2023/5/17 0:00,122651,1417,____  ,2,"1,800.00","4,837,723.00",0,0,"1,304,957",AT01,0,13
"1,584,352",2023/5/17 0:00,37,2023/5/17 0:00,123008,1,____  ,2,"94,779.00","4,932,502.00",0,0,"1,304,957",SA01,"94,779.00",   
"1,584,352",2023/5/17 0:00,37,2023/5/17 0:00,133046,1417,____  ,2,"1,440.00","4,933,942.00",0,0,"1,304,957",AT01,0,822
"1,584,352",2023/5/17 0:00,37,2023/5/17 0:00,173231,1417,____  ,2,"2,000.00","4,935,942.00",0,0,"1,304,957",AT01,0,13
"1,584,352",2023/5/16 0:00,37,2023/5/16 0:00,10608,89,___    ,2,"25,475.00","4,309,954.00",0,0,"1,304,957",SA01,0,   
"1,584,352",2023/5/16 0:00,37,2023/5/16 0:00,122951,1005,__      ,2,"230,000.00","4,539,954.00",0,0,"1,304,957",SA01,0,   
"1,584,352",2023/5/16 0:00,37,2023/5/16 0:00,123335,1,____  ,2,"159,680.00","4,699,634.00",0,0,"1,304,957",SA01,"159,680.00",   
"1,584,352",2023/5/16 0:00,37,2023/5/16 0:00,160526,1222,____  ,1,"27,441.00","4,719,429.00",0,0,"1,304,957",AG01,0,   
"1,584,352",2023/5/16 0:00,37,2023/5/16 0:00,174059,236,____  ,1,"64,600.00","4,571,011.00",0,0,"1,304,957",NB01,0,103
"1,584,352",2023/5/16 0:00,37,2023/5/16 0:00,130404,71,____  ,2,"52,717.00","4,752,351.00",0,0,"1,304,957",RT01,0,6
"1,584,352",2023/5/16 0:00,37,2023/5/16 0:00,160526,1222,____  ,1,"83,818.00","4,635,611.00",0,0,"1,304,957",AG01,0,   
"1,584,352",2023/5/16 0:00,37,2023/5/16 0:00,160526,1222,____  ,1,"5,481.00","4,746,870.00",0,0,"1,304,957",AG01,0,   
"1,584,352",2023/5/16 0:00,37,2023/5/16 0:00,182441,1417,____  ,2,"117,330.00","4,688,341.00",0,0,"1,304,957",AT01,0,9
"1,584,352",2023/5/16 0:00,37,2023/5/16 0:00,210739,1417,____  ,2,"20,147.00","4,708,488.00",0,0,"1,304,957",AT01,0,13
"446,563",2023/5/25 0:00,37,2023/5/25 0:00,14655,1057,____  ,1,"38,404.00","26,475.00",0,0,"2,057,116",LN01,0,   
"446,563",2023/5/25 0:00,37,2023/5/25 0:00,14654,1057,____  ,1,"22,531.00","64,879.00",0,0,"2,057,116",LN01,0,   
"2,036,682",2023/5/15 0:00,1030,2023/5/15 0:00,2152,23,____  ,2,"1,590.00","333,058.00",0,0,"452,966",TI01,0,   
"2,036,682",2023/5/15 0:00,1030,2023/5/15 0:00,2153,23,____  ,2,"1,723.00","334,781.00",0,0,"452,966",TI01,0,   
"68,409",2023/5/30 0:00,1067,2023/5/30 0:00,13626,1057,____  ,1,"18,957.00","144,794.00",0,0,"548,443",LN01,0,   
"68,409",2023/5/30 0:00,1067,2023/5/30 0:00,13626,1057,____  ,1,"43,988.00","163,751.00",0,0,"548,443",LN01,0,   
"68,409",2023/5/19 0:00,1067,2023/5/19 0:00,2110,239,____  ,1,"70,015.00","182,769.00",0,0,"548,443",NB01,0,822
"68,409",2023/5/19 0:00,1067,2023/5/19 0:00,1612,177,____  ,2,"104,056.00","116,840.00",0,0,"548,443",    ,0,803
"68,409",2023/5/19 0:00,1067,2023/5/19 0:00,1613,177,____  ,2,"135,944.00","252,784.00",0,0,"548,443",    ,0,803
"68,409",2023/5/19 0:00,1067,2023/5/19 0:00,2124,239,____  ,1,"125,015.00","57,754.00",0,0,"548,443",NB01,0,5
"68,409",2023/5/18 0:00,1067,2023/5/18 0:00,32044,1417,____  ,2,"150,000.00","157,814.00",0,0,"548,443",AT01,0,822
"68,409",2023/5/18 0:00,1067,2023/5/18 0:00,32109,239,____  ,1,"150,015.00","7,799.00",0,0,"548,443",NB01,0,822
"68,409",2023/5/18 0:00,1067,2023/5/18 0:00,103123,1417,____  ,2,"160,000.00","167,799.00",0,0,"548,443",AT01,0,13
"68,409",2023/5/18 0:00,1067,2023/5/18 0:00,103428,239,____  ,1,"155,015.00","12,784.00",0,0,"548,443",NB01,0,822
"68,409",2023/5/16 0:00,1067,2023/5/16 0:00,82917,239,____  ,1,"30,015.00","77,889.00",0,0,"548,443",NB01,0,822
"68,409",2023/5/16 0:00,1067,2023/5/16 0:00,102909,1417,____  ,2,"100,000.00","127,874.00",0,0,"548,443",AT01,0,822
"68,409",2023/5/16 0:00,1067,2023/5/16 0:00,20827,1461,____  ,1,"10,000.00","84,919.00",0,0,"548,443",AT01,0,7
"68,409",2023/5/16 0:00,1067,2023/5/16 0:00,84628,239,____  ,1,"50,015.00","27,874.00",0,0,"548,443",NB01,0,822
"68,409",2023/5/16 0:00,1067,2023/5/16 0:00,20803,1417,____  ,2,"90,000.00","94,919.00",0,0,"548,443",AT01,0,822
"68,409",2023/5/16 0:00,1067,2023/5/16 0:00,111924,1417,____  ,2,"70,000.00","97,859.00",0,0,"548,443",AT01,0,822
"68,409",2023/5/16 0:00,1067,2023/5/16 0:00,21320,1461,____  ,1,"10,000.00","74,919.00",0,0,"548,443",AT01,0,7
"68,409",2023/5/16 0:00,1067,2023/5/16 0:00,102930,239,____  ,1,"100,015.00","27,859.00",0,0,"548,443",NB01,0,822
"68,409",2023/5/16 0:00,1067,2023/5/16 0:00,74635,239,____  ,1,"50,015.00","24,904.00",0,0,"548,443",NB01,0,822
"68,409",2023/5/16 0:00,1067,2023/5/16 0:00,82858,1417,____  ,2,"83,000.00","107,904.00",0,0,"548,443",AT01,0,822
"68,409",2023/5/16 0:00,1067,2023/5/16 0:00,112801,239,____  ,1,"90,015.00","7,844.00",0,0,"548,443",NB01,0,822
"68,409",2023/5/16 0:00,1067,2023/5/16 0:00,193944,239,____  ,1,"200,015.00","7,814.00",0,0,"548,443",NB01,0,822
"68,409",2023/5/16 0:00,1067,2023/5/16 0:00,193824,1417,____  ,2,"199,985.00","207,829.00",0,0,"548,443",AT01,0,103
"68,409",2023/5/23 0:00,1067,2023/5/22 0:00,221252,1417,____  ,2,"100,000.00","157,754.00",0,0,"548,443",AT01,0,7
"68,409",2023/5/23 0:00,1067,2023/5/22 0:00,221432,1417,____  ,2,"100,000.00","257,754.00",0,0,"548,443",AT01,0,8
"68,409",2023/5/23 0:00,1067,2023/5/23 0:00,210724,239,____  ,1,"50,015.00","207,739.00",0,0,"548,443",NB01,0,822
"68,409",2023/5/15 0:00,1067,2023/5/15 0:00,63805,239,____  ,1,"100,015.00","4,919.00",0,0,"548,443",NB01,0,822
"68,409",2023/5/15 0:00,1067,2023/5/15 0:00,63743,1417,____  ,2,"100,000.00","104,934.00",0,0,"548,443",AT01,0,822
"2,805,368",2023/5/26 0:00,675,2023/5/26 0:00,120334,1079,____  ,1,"200,030.00","1,404,716.00",0,1,"1,637,552",SA01,0,   
"2,805,368",2023/5/26 0:00,675,2023/5/26 0:00,115737,1,____  ,2,"600,000.00","1,604,746.00",0,1,"1,637,552",SA01,"600,000.00",   
"2,805,368",2023/5/23 0:00,675,2023/5/23 0:00,12428,90,____  ,2,"500,000.00","1,004,746.00",0,0,"1,637,552",SA01,0,   
"2,805,368",2023/5/30 0:00,675,2023/5/30 0:00,112039,71,____  ,2,"300,000.00","1,304,686.00",0,0,"1,637,552",RT01,0,13
"2,805,368",2023/5/29 0:00,675,2023/5/29 0:00,114024,1001,____  ,1,"100,000.00","1,004,686.00",0,1,"1,637,552",SA01,"100,000.00",   
"2,805,368",2023/5/29 0:00,675,2023/5/29 0:00,113135,1079,____  ,1,"300,030.00","1,104,686.00",0,1,"1,637,552",SA01,0,   
"2,805,368",2023/5/22 0:00,675,2023/5/20 0:00,135529,237,____  ,1,"49,213.00","804,746.00",0,0,"1,637,552",NB01,0,103
"2,805,368",2023/5/22 0:00,675,2023/5/20 0:00,135422,1417,____  ,2,"49,213.00","853,959.00",0,0,"1,637,552",AT01,0,822
"2,805,368",2023/5/22 0:00,675,2023/5/22 0:00,104850,1001,____  ,1,"300,000.00","504,746.00",0,1,"1,637,552",SA01,"300,000.00",   
"2,805,368",2023/5/17 0:00,675,2023/5/17 0:00,95432,1001,____  ,1,"800,000.00","804,746.00",0,1,"1,637,552",SA01,"800,000.00",   
"2,805,368",2023/5/15 0:00,675,2023/5/15 0:00,112439,1001,____  ,1,"200,000.00","2,004,746.00",0,1,"1,637,552",SA01,"200,000.00",   
"2,805,368",2023/5/15 0:00,675,2023/5/15 0:00,134555,1001,____  ,1,"400,000.00","1,604,746.00",0,1,"1,637,552",SA01,"400,000.00",   
"219,175",2023/5/15 0:00,46,2023/5/15 0:00,180158,1073,____  ,1,399,"1,177,550.00",0,0,"2,352,717",AG01,0,   
"219,175",2023/5/23 0:00,46,2023/5/23 0:00,12407,89,___    ,2,"3,026,100.00","3,381,150.00",0,0,"2,352,717",SA01,0,   
"219,175",2023/5/22 0:00,46,2023/5/22 0:00,71907,1417,____  ,2,"79,900.00","1,257,450.00",0,0,"2,352,717",AT01,0,13
"219,175",2023/5/22 0:00,46,2023/5/22 0:00,132124,1001,____  ,1,"400,000.00","355,050.00",0,1,"2,352,717",SA01,"400,000.00",   
"219,175",2023/5/22 0:00,46,2023/5/22 0:00,131919,1005,__      ,1,"502,400.00","755,050.00",0,1,"2,352,717",SA01,0,   
"219,175",2023/5/30 0:00,46,2023/5/30 0:00,135639,1005,__      ,1,"364,500.00","3,016,650.00",0,1,"2,352,717",SA01,0,   
"219,175",2023/5/30 0:00,46,2023/5/30 0:00,135712,1001,____  ,1,"400,000.00","2,616,650.00",0,1,"2,352,717",SA01,"400,000.00",   
"1,420,884",2023/5/23 0:00,596,2023/5/23 0:00,21150,1057,____  ,1,"7,201.00","22,573.00",0,0,"1,160,326",LN01,0,   
"3,452,517",2023/5/24 0:00,1030,2023/5/24 0:00,134125,1097,____  ,1,"30,000.00","18,751.00",0,0,"1,406,890",AT01,"30,000.00",103
"3,452,517",2023/5/24 0:00,1030,2023/5/24 0:00,133556,1,____  ,2,"40,600.00","48,751.00",0,1,"1,406,890",SA01,"40,600.00",   
"1,498,179",2023/5/23 0:00,37,2023/5/23 0:00,112456,1417,____  ,2,"10,000.00","22,669.00",0,0,"1,168,288",AT01,0,7
"1,498,179",2023/5/23 0:00,37,2023/5/23 0:00,112456,1417,____  ,2,"10,000.00","22,669.00",0,0,"1,168,288",AT01,0,7
"3,464,695",2023/5/22 0:00,763,2023/5/22 0:00,145001,1005,__      ,2,188,"30,460.00",0,0,"24,710",AG01,0,   
"3,464,695",2023/5/16 0:00,763,2023/5/16 0:00,153954,237,____  ,1,"9,207.00","30,272.00",0,0,"24,710",NB01,0,103
"1,269,041",2023/5/24 0:00,903,2023/5/24 0:00,20802,1165,__      ,2,"20,000.00","33,763.00",0,0,"715,285",AG01,0,822
"1,269,041",2023/5/31 0:00,903,2023/5/31 0:00,64746,1417,____  ,2,"1,623.00","35,386.00",0,0,"715,285",AT01,0,822
"2,545,642",2023/5/22 0:00,1030,2023/5/22 0:00,1731,23,____  ,2,"1,325.00","51,717.00",0,0,"2,608,185",TI01,0,   
"2,545,642",2023/5/22 0:00,1030,2023/5/22 0:00,1731,23,____  ,2,878,"50,392.00",0,0,"2,608,185",TI01,0,   
"2,545,642",2023/5/18 0:00,1030,2023/5/18 0:00,10755,23,____  ,2,"1,325.00","49,514.00",0,0,"2,608,185",TI01,0,   
"1,449,568",2023/5/31 0:00,231,2023/5/31 0:00,110546,1005,__      ,2,"35,000.00","505,998.00",0,0,"19,632",SA01,0,   
"1,449,568",2023/5/31 0:00,231,2023/5/31 0:00,110546,1005,__      ,2,"35,000.00","505,998.00",0,0,"19,632",SA01,0,   
"1,449,568",2023/5/31 0:00,231,2023/5/31 0:00,113142,1099,____  ,1,"20,000.00","485,998.00",0,0,"19,632",AT01,"20,000.00",103
"1,449,568",2023/5/31 0:00,231,2023/5/31 0:00,113142,1099,____  ,1,"20,000.00","485,998.00",0,0,"19,632",AT01,"20,000.00",103
"1,449,568",2023/5/15 0:00,231,2023/5/15 0:00,105543,1005,__      ,2,"30,000.00","930,998.00",0,0,"19,632",SA01,0,   
"1,449,568",2023/5/15 0:00,231,2023/5/15 0:00,105543,1005,__      ,2,"30,000.00","930,998.00",0,0,"19,632",SA01,0,   
"1,449,568",2023/5/15 0:00,231,2023/5/15 0:00,110228,1001,____  ,1,"400,000.00","530,998.00",0,1,"19,632",SA01,"400,000.00",   
"1,449,568",2023/5/15 0:00,231,2023/5/15 0:00,110228,1001,____  ,1,"400,000.00","530,998.00",0,1,"19,632",SA01,"400,000.00",   
"1,449,568",2023/5/15 0:00,231,2023/5/15 0:00,131648,1099,____  ,1,"20,000.00","510,998.00",0,0,"19,632",AT01,"20,000.00",103
"1,449,568",2023/5/15 0:00,231,2023/5/15 0:00,131648,1099,____  ,1,"20,000.00","510,998.00",0,0,"19,632",AT01,"20,000.00",103
"1,449,568",2023/5/15 0:00,231,2023/5/15 0:00,131747,1099,____  ,1,"10,000.00","500,998.00",0,0,"19,632",AT01,"10,000.00",103
"1,449,568",2023/5/15 0:00,231,2023/5/15 0:00,131747,1099,____  ,1,"10,000.00","500,998.00",0,0,"19,632",AT01,"10,000.00",103
"1,449,568",2023/5/22 0:00,231,2023/5/20 0:00,201706,1099,____  ,1,"20,000.00","470,998.00",0,0,"19,632",AT01,"20,000.00",103
"1,449,568",2023/5/22 0:00,231,2023/5/20 0:00,201706,1099,____  ,1,"20,000.00","470,998.00",0,0,"19,632",AT01,"20,000.00",103
"1,449,568",2023/5/17 0:00,231,2023/5/17 0:00,123731,1097,____  ,1,"10,000.00","490,998.00",0,0,"19,632",AT01,"10,000.00",103
"1,449,568",2023/5/17 0:00,231,2023/5/17 0:00,123731,1097,____  ,1,"10,000.00","490,998.00",0,0,"19,632",AT01,"10,000.00",103
"1,885,570",2023/5/15 0:00,37,2023/5/15 0:00,10103,1198,____  ,1,"13,252.00","159,244.00",0,0,"2,057,116",AG01,0,822
"1,885,570",2023/5/15 0:00,37,2023/5/15 0:00,10102,1198,____  ,1,"14,249.00","172,496.00",0,0,"2,057,116",AG01,0,822
"1,184,304",2023/5/15 0:00,1030,2023/5/15 0:00,12009,1031,____  ,1,78,"2,765,400.00",0,0,"1,935,892",AG01,0,   
"1,184,304",2023/5/15 0:00,1030,2023/5/15 0:00,12010,1031,____  ,1,80,"2,765,320.00",0,0,"1,935,892",AG01,0,   
"1,184,304",2023/5/15 0:00,1030,2023/5/15 0:00,12009,1031,____  ,1,928,"2,765,478.00",0,0,"1,935,892",AG01,0,   
"1,885,570",2023/5/25 0:00,37,2023/5/25 0:00,20336,1029,____  ,1,200,"43,711.00",0,0,"2,057,116",AG01,0,   
"1,885,570",2023/5/25 0:00,37,2023/5/25 0:00,20227,1031,____  ,1,652,"43,911.00",0,0,"2,057,116",AG01,0,   
"1,184,304",2023/5/25 0:00,1030,2023/5/25 0:00,21142,1031,____  ,1,986,"2,768,991.00",0,0,"1,935,892",AG01,0,   
"1,885,570",2023/5/25 0:00,37,2023/5/25 0:00,20336,1029,____  ,1,"1,529.00","42,182.00",0,0,"2,057,116",AG01,0,   
"1,885,570",2023/5/23 0:00,37,2023/5/23 0:00,23538,1201,____  ,1,"112,845.00","44,563.00",0,0,"2,057,116",AG01,0,103
"1,184,304",2023/5/22 0:00,1030,2023/5/22 0:00,1645,23,____  ,2,"1,988.00","2,768,337.00",0,0,"1,935,892",TI01,0,   
"1,184,304",2023/5/22 0:00,1030,2023/5/22 0:00,1646,23,____  ,2,"1,988.00","2,770,325.00",0,0,"1,935,892",TI01,0,   
"1,184,304",2023/5/22 0:00,1030,2023/5/22 0:00,11225,1031,____  ,1,348,"2,769,977.00",0,0,"1,935,892",AG01,0,   
"1,184,304",2023/5/17 0:00,1030,2023/5/17 0:00,4659,23,____  ,2,"1,029.00","2,766,349.00",0,0,"1,935,892",TI01,0,   
"1,885,570",2023/5/16 0:00,37,2023/5/16 0:00,14946,1019,____  ,1,"1,836.00","157,408.00",0,0,"2,057,116",AG01,0,   
"2,875,145",2023/5/25 0:00,231,2023/5/25 0:00,103341,1001,____  ,1,"500,000.00","109,171.00",0,1,"1,737,444",SA01,"500,000.00",   
"646,573",2023/5/23 0:00,1030,2023/5/23 0:00,12844,23,____  ,2,"1,254.00","252,250.00",0,0,"2,128,094",TI01,0,   
"646,573",2023/5/18 0:00,1030,2023/5/18 0:00,10753,23,____  ,2,"1,325.00","250,996.00",0,0,"2,128,094",TI01,0,   
"646,573",2023/5/30 0:00,1030,2023/5/30 0:00,14447,1414,___    ,2,"17,752.00","270,002.00",0,0,"2,128,094",AG01,0,5
"2,875,145",2023/5/29 0:00,231,2023/5/29 0:00,916,90,____  ,2,"300,000.00","409,171.00",0,0,"1,737,444",SA01,0,   
"2,875,145",2023/5/15 0:00,231,2023/5/15 0:00,1334,90,____  ,2,"350,000.00","609,171.00",0,0,"1,737,444",SA01,0,   
"1,993,818",2023/5/18 0:00,231,2023/5/18 0:00,93241,71,____  ,2,"208,039.00","233,246.00",0,0,"40,588",RT01,0,6
"2,254,574",2023/5/22 0:00,1030,2023/5/22 0:00,1732,23,____  ,2,"1,988.00","1,648,096.00",0,0,"1,935,892",TI01,0,   
"2,254,574",2023/5/22 0:00,1030,2023/5/22 0:00,1732,23,____  ,2,"1,988.00","1,650,084.00",0,0,"1,935,892",TI01,0,   
"1,993,818",2023/5/22 0:00,231,2023/5/22 0:00,115149,1079,____  ,1,"150,030.00","83,216.00",0,1,"40,588",SA01,0,   
"1,993,818",2023/5/15 0:00,231,2023/5/15 0:00,105459,1005,__      ,2,"30,000.00","61,655.00",0,0,"40,588",SA01,0,   
"1,993,818",2023/5/15 0:00,231,2023/5/15 0:00,180334,1073,____  ,1,"36,448.00","25,207.00",0,0,"40,588",AG01,0,   
"1,337,201",2023/5/15 0:00,1012,2023/5/15 0:00,104706,1079,____  ,1,"2,160,000.00","17,429.00",0,1,"1,473,968",SA01,0,   